-- Group 2: The Urban Fence Restaurant Database
-- Group Members: Amaya Alisca, Deandra Martin, Alex Mayer, Cam Reeves
-- CMS 375
-- Due Date: 4/22/2021

-- TABLE POPULATION -- 
Use Restaurant;

drop table if exists Customer_T;
-- Populating Customer table -- 
insert into Customer_T values(0001, 'Jo Mcbride', '(594) 674-4072');
insert into Customer_T values(0002, 'Andrea Valdez', '(391) 266-0714');
insert into Customer_T values(0003, 'Doug Clark', '(764) 350-7902');
insert into Customer_T values(0004, 'Leo Norris', '(212) 934-3867');
insert into Customer_T values(0005, 'Malcolm Shaw', '(235) 228-1557');
insert into Customer_T values(0006, 'Dominic Sutton', '(913) 314-8024');
insert into Customer_T values(0007, 'Philip Schultz', '(276) 686-3156');
insert into Customer_T values(0008, 'Susie Harper', '(420) 402-9708');
insert into Customer_T values(0009, 'Otis Adams', '(880) 658-2385');
insert into Customer_T values(0010, 'Tracey Taylor', '(568) 760-2273');
insert into Customer_T values(0011, 'Marcia Page', '(511) 379-1792');
insert into Customer_T values(0012, 'Harry Pittman', '(397) 805-5054');
insert into Customer_T values(0013, 'Tyrone Alvarado', '(207) 799-8756');
insert into Customer_T values(0014, 'Lillie Wise', '(309) 555-9908');
insert into Customer_T values(0015, 'Timmy Mendoza' '(833) 931-0546');
insert into Customer_T values(0016,	'Clinton Ellis', '(268) 501-1594');
insert into Customer_T values(0017, 'James Harris',	'(508) 227-9047');
insert into Customer_T values(0018,	'Brittany Logan', '(598) 814-3535');
insert into Customer_T values(0019,	'Guadalupe Bridges', '(311) 586-0688');
insert into Customer_T values(0020,	'Sheldon Owen',	'(368) 536-3493');
insert into Customer_T values(0021, 'Patricia Barnett',	'(301) 504-9063');
insert into Customer_T values(0022,	'Abraham Rice',	'(378) 616-4024');
insert into Customer_T values(0023,	'Flora Walton',	'(589) 816-9732');
insert into Customer_T values(0024,	'Kim Rodgers',	'(342) 419-6741');
insert into Customer_T values(0025,	'Tricia Richardson', '(490) 876-8364');
insert into Customer_T values(0026, 'Brooklynn Escobar', '(681) 708-0726');
insert into Customer_T values(0027,	'Donte Mccullough',	'(307) 564-9182');
insert into Customer_T values(0028,	'Shyla Lozano', '(448) 807-5475');
insert into Customer_T values(0029,	'Winston Rocha', '(310) 512-7120');
insert into Customer_T values(0030,	'Uriah Perez',	'(371) 772-8133');
insert into Customer_T values(0031,	'Brian Gardner', '(753) 913-1717');
insert into Customer_T values(0032,	'Estrella Lamb', '(453) 642-1047');
insert into Customer_T values(0033,	'Oscar Mcintyre', '(428) 478-5754');
insert into Customer_T values(0034,	'Blake Golden', '(817) 282-1535');
insert into Customer_T values(0035,	'Kameron Rojas', '(733) 719-7630');
insert into Customer_T values(0036,	'Annalise Greer', '(965) 569-6794');
insert into Customer_T values(0037,	'Jabari Barajas', '(940) 747-5689');
insert into Customer_T values(0038,	'Dario Logan',	'(318) 999-2526');
insert into Customer_T values(0039,	'Rory Wood', '(591) 937-1303');
insert into Customer_T values(0040,	'Guadalupe Armstrong', '(334) 931-7416');
insert into Customer_T values(0041,	'Preston Guerrero',	'(844) 816-0474');
insert into Customer_T values(0042,	'Josue Pierce',	'(279) 891-9093');
insert into Customer_T values(0043,	'Kailee Hendrix', '(790) 451-1773');
insert into Customer_T values(0044,	'Haylee Bonilla', '(605) 707-4514');
insert into Customer_T values(0045,	'Eugene Mcdowell', '(468) 299-1791');
insert into Customer_T values(0046,	'Kennedi Mckenzie', '(269) 669-2740');
insert into Customer_T values(0047,	'Erika Schmidt', '(737) 845-1759');
insert into Customer_T values(0048,	'Anastasia Khan', '(824) 299-7559');
insert into Customer_T values(0049,	'Holden Gilbert', '(642) 966-7041');
insert into Customer_T values(0050,	'Gianna Lee', '(885) 241-3331');
insert into Customer_T values(0051,	'Mareli Wilkerson',	'(255) 626-0572');
insert into Customer_T values(0052,	'Danika Sanford',	'(996) 514-3002');
insert into Customer_T values(0053,	'Eugene Allen',	'(225) 507-3888');
insert into Customer_T values(0054,	'Delaney Leach', '(227) 593-0856');
insert into Customer_T values(0055, 'Jase Cardenas', '(379) 408-7586');
insert into Customer_T values(0056,	'Natalie Shelton', '(331) 753-8566');
insert into Customer_T values(0057,	'Madalynn Rocha', '(403) 228-5924');
insert into Customer_T values(0058,	'Joaquin Rose',	'(608) 233-7758');
insert into Customer_T values(0059,	'Kaylie Harding', '(848) 887-2106');
insert into Customer_T values(0060,	'Anika Galloway', '(441) 910-1203');

------------------------------------------------------------------

drop table if exists Chef_T; 
-- Populating Chef table --
insert into Chef_T values('101', 'Julio Hines', '(424) 885-1689');
insert into Chef_T values('102', 'Seamus Sanford', '(788) 392-7535');
insert into Chef_T values('103', 'Roger Conley', '(430) 205-1785');
insert into Chef_T values('104', 'Kaylyn Mahoney', '(972) 736-7901');
insert into Chef_T values('105', 'Sarai Stanton', '(832) 284-5421');
insert into Chef_T values('106', 'Grant Henderson', '(641) 789-4401');
insert into Chef_T values('107', 'Trevor Gilmore', '(482) 700-3439');
insert into Chef_T values('108', 'Ariel Mcgrath', '(388) 343-6415');
insert into Chef_T values('109', 'Gretchen Harrell', '(497) 402-3702');
insert into Chef_T values('110', 'Esteban Cox', '(298) 547-2898');
insert into Chef_T values('111', 'Rhett Wiggins', '(946) 936-3099');
insert into Chef_T values('112', 'Kai Hogan', '(235) 267-5687');
insert into Chef_T values('113', 'Selah Chase', '(221) 592-3495');
insert into Chef_T values('114', 'Ashly Larson', '(517) 943-8263');
insert into Chef_T values('115', 'Hugh Mullins', '(996) 243-4959');
insert into Chef_T values('116', 'Bruno Roman', '(564) 978-1953');
insert into Chef_T values('117', 'Sanaa Richards', '(334) 621-8361');
insert into Chef_T values('118', 'Alexandra Cervantes', '(576) 484-4998');
insert into Chef_T values('119', 'Dahlia Rowe', '(978) 237-7453');
insert into Chef_T values('200', 'Angeline Wilkins', '(534) 310-5660');

------------------------------------------------------------------

drop table if exists Order_T;  
-- Populating Order table --
insert into Order_T values('ORD01', 0001);
insert into Order_T values('ORD02', 0002);
insert into Order_T values('ORD03', 0003);
insert into Order_T values('ORD04', 0004);
insert into Order_T values('ORD05', 0005);
insert into Order_T values('ORD06', 0006);
insert into Order_T values('ORD07', 0007);
insert into Order_T values('ORD08', 0008);
insert into Order_T values('ORD09', 0009);
insert into Order_T values('ORD10', 0010);
insert into Order_T values('ORD11', 0011);
insert into Order_T values('ORD12', 0012);
insert into Order_T values('ORD13', 0013);
insert into Order_T values('ORD14', 0014);
insert into Order_T values('ORD15', 0015);
insert into Order_T values('ORD16', 0016);
insert into Order_T values('ORD17', 0017);
insert into Order_T values('ORD18', 0018);
insert into Order_T values('ORD19', 0019);
insert into Order_T values('ORD20', 0020);
insert into Order_T values('ORD21', 0021);
insert into Order_T values('ORD22', 0022);
insert into Order_T values('ORD23', 0023);
insert into Order_T values('ORD24', 0024);
insert into Order_T values('ORD25', 0025);
insert into Order_T values('ORD26', 0011);
insert into Order_T values('ORD27', 0021);
insert into Order_T values('ORD28', 0014);
insert into Order_T values('ORD29', 0014);
insert into Order_T values('ORD30', 0014);
insert into Order_T values('ORD31', 0005);
insert into Order_T values('ORD32', 0004);
insert into Order_T values('ORD33', 0005);
insert into Order_T values('ORD34', 0006);
insert into Order_T values('ORD35', 0007);
insert into Order_T values('ORD36', 0008);
insert into Order_T values('ORD37', 0009);
insert into Order_T values('ORD38', 0010);
insert into Order_T values('ORD39', 0026);
insert into Order_T values('ORD40', 0027);
insert into Order_T values('ORD41', 0028);
insert into Order_T values('ORD42', 0029);
insert into Order_T values('ORD43', 0030);
insert into Order_T values('ORD44', 0031);
insert into Order_T values('ORD45', 0032);
insert into Order_T values('ORD46', 0033);
insert into Order_T values('ORD47', 0034);
insert into Order_T values('ORD48', 0035);
insert into Order_T values('ORD49', 0036);
insert into Order_T values('ORD50', 0037);
insert into Order_T values('ORD51', 0038);
insert into Order_T values('ORD52', 0039);
insert into Order_T values('ORD53', 0040);
insert into Order_T values('ORD54', 0041);
insert into Order_T values('ORD55', 0042);
insert into Order_T values('ORD56', 0043);
insert into Order_T values('ORD57', 0044);
insert into Order_T values('ORD58', 0045);
insert into Order_T values('ORD59', 0046);
insert into Order_T values('ORD60', 0047);
insert into Order_T values('ORD61', 0048);
insert into Order_T values('ORD62', 0049);
insert into Order_T values('ORD63', 0050);
insert into Order_T values('ORD64', 0051);
insert into Order_T values('ORD65', 0052);
insert into Order_T values('ORD66', 0053);
insert into Order_T values('ORD67', 0054);
insert into Order_T values('ORD68', 0055);
insert into Order_T values('ORD69', 0056);
insert into Order_T values('ORD70', 0057);
insert into Order_T values('ORD71', 0058);
insert into Order_T values('ORD72', 0059);
insert into Order_T values('ORD73', 0060);

------------------------------------------------------------------

drop table if exists Shift_T;
-- Populating Shift table --
insert into Shift_T values('101', 'SN M T W 6:00 AM - 2:00 PM');
insert into Shift_T values('102', 'SN M T TH 2:00 PM - 10:00 PM');
insert into Shift_T values('102', 'M W F ST 6:00 AM - 2:00 PM');
insert into Shift_T values('103', 'SN T W ST 2:00 PM - 10:00 PM');
insert into Shift_T values('103', 'SN M W F 6:00 AM - 2:00 PM');
insert into Shift_T values('104', 'SN M W ST 2:00 PM - 10:00 PM');
insert into Shift_T values('105', 'SN M TH ST 6:00 AM - 2:00 PM');
insert into Shift_T values('105', 'T TH F ST 2:00 PM - 10:00 PM');
insert into Shift_T values('106', 'SN T W ST 2:00 PM - 10:00 PM');
insert into Shift_T values('107', 'SN T TH ST 2:00 PM - 10:00 PM');
insert into Shift_T values('107', 'M T W TH 6:00 AM - 2:00 PM');
insert into Shift_T values('108', 'M T F ST 2:00 PM - 10:00 PM');
insert into Shift_T values('109', 'M W F ST 6:00 AM - 2:00 PM');
insert into Shift_T values('110', 'T TH F ST 2:00 PM - 10:00 PM');
insert into Shift_T values('111', 'SN M T F 6:00 AM - 2:00 PM');
insert into Shift_T values('112', 'SN T W F 2:00 PM - 10:00 PM');
insert into Shift_T values('113', 'SN T W ST 2:00 PM - 10:00 PM');
insert into Shift_T values('113', 'M W F ST 6:00 AM - 2:00 PM');
insert into Shift_T values('114', 'SN T TH ST 2:00 PM - 10:00 PM');
insert into Shift_T values('115', 'SN W TH F 6:00 AM - 2:00 PM');
insert into Shift_T values('116', 'SN W F ST 2:00 PM - 10:00 PM');
insert into Shift_T values('117', 'SN TH F ST 6:00 AM - 2:00 PM');
insert into Shift_T values('118', 'M T F ST 2:00 PM - 10:00 PM');
insert into Shift_T values('118', 'SN T TH F 6:00 AM - 2:00 PM');
insert into Shift_T values('119', 'T W TH ST 6:00 AM - 2:00 PM');
insert into Shift_T values('200', 'M W F ST 6:00 AM - 2:00 PM');
insert into Shift_T values('200', 'W TH F ST 2:00 PM - 10:00 PM');

------------------------------------------------------------------

drop table if exists Food_Item_T; 
-- Populating Food Item table --
insert into Food_Item_T values('Chicken and Rice', '101', 17.64);
insert into Food_Item_T values('Pulled BBQ Chicken', '102', 18.38);
insert into Food_Item_T values('Pot Roast', '103', 19.79);
insert into Food_Item_T values('Crockpot Salsa Chicken', '104', 16.51);
insert into Food_Item_T values('Ribs', '105', 20.83);
insert into Food_Item_T values('French Dip Sandwiches', '106', 13.21);
insert into Food_Item_T values('Tomato Soup', '107', 15.20);
insert into Food_Item_T values('Karri Rice', '108', 15.00);
insert into Food_Item_T values('Chicken Pasta', '109', 15.00);
insert into Food_Item_T values('Strawberry Dessert', '110', 08.12);
insert into Food_Item_T values('Peanut Chaat', '111', 09.33);
insert into Food_Item_T values('French Fries', '112', 13.21);
insert into Food_Item_T values('Vegetable Pakora', '113', 16.51);
insert into Food_Item_T values('Quesadillas', '114', 08.14);
insert into Food_Item_T values('Cashew Chicken Salad', '115', 13.21);
insert into Food_Item_T values('Fried Mushroom', '116', 04.71);
insert into Food_Item_T values('Julienne Salad', '117', 18.93);
insert into Food_Item_T values('Grilled Tilapia Salad', '118', 12.91);
insert into Food_Item_T values('Taco Salad', '119', 15.29);
insert into Food_Item_T values('Pork and Cabbage', '200', 06.99);
insert into Food_Item_T values('New England Clam Chowder', '108', 06.99);
insert into Food_Item_T values('Onion Rings', '109', 04.79);
insert into Food_Item_T values('Classic BLT', '110', 08.75);
insert into Food_Item_T values('Big Tuna', '111', 09.75);
insert into Food_Item_T values('Grilled Salmon', '112', 11.53);
insert into Food_Item_T values('Fish and Chips', '113', 12.25);

------------------------------------------------------------------

drop table if exists Ingredients_T;
-- Populating Ingredients table --
insert into Ingredients_T values('Chicken and Rice', 'Chicken');
insert into Ingredients_T values('Chicken and Rice', 'Rice');
insert into Ingredients_T values('Chicken and Rice', 'Salt');
insert into Ingredients_T values('Chicken and Rice', 'Pepper');
insert into Ingredients_T values('Pulled BBQ Chicken', 'Chicken');
insert into Ingredients_T values('Pulled BBQ Chicken', 'BBQ Sauce');
insert into Ingredients_T values('Crockpot Salsa Chicken', 'Quackamole');
insert into Ingredients_T values('French Dip Sandwiches', 'Bread');
insert into Ingredients_T values('French Dip Sandwiches', 'Dip');
insert into Ingredients_T values('French Dip Sandwiches', 'Vinegar');
insert into Ingredients_T values('French Dip Sandwiches', 'Rum');
insert into Ingredients_T values('French Dip Sandwiches', 'Steak');
insert into Ingredients_T values('French Dip Sandwiches', 'Parsley');
insert into Ingredients_T values('French Dip Sandwiches', 'Cheese');
insert into Ingredients_T values('French Dip Sandwiches', 'Onion');
insert into Ingredients_T values('French Dip Sandwiches', 'Garlic');
insert into Ingredients_T values('French Dip Sandwiches', 'Rosemary');
insert into Ingredients_T values('French Dip Sandwiches', 'Worcestershire Sauce');
insert into Ingredients_T values('French Dip Sandwiches', 'Salt');
insert into Ingredients_T values('French Dip Sandwiches', 'Pepper');
insert into Ingredients_T values('Ribs', 'Salt');
insert into Ingredients_T values('Ribs', 'Pepper');
insert into Ingredients_T values('Ribs', 'Onion');
insert into Ingredients_T values('Ribs', 'Garlic');
insert into Ingredients_T values('Ribs', 'Beef');
insert into Ingredients_T values('Pot Roast', 'Salt');
insert into Ingredients_T values('Pot Roast', 'Pepper');
insert into Ingredients_T values('Pot Roast', 'Onion');
insert into Ingredients_T values('Pot Roast', 'Garlic');
insert into Ingredients_T values('Pot Roast', 'Beef');
insert into Ingredients_T values('Karri Rice', 'Onion');
insert into Ingredients_T values('Karri Rice', 'Garlic');
insert into Ingredients_T values('Karri Rice', 'Sesame Oil');
insert into Ingredients_T values('Karri Rice', 'Sayenne');
insert into Ingredients_T values('Karri Rice', 'Chicken Breast');
insert into Ingredients_T values('Karri Rice', 'Soy Sauce');
insert into Ingredients_T values('Tomato Soup', 'Onion');
insert into Ingredients_T values('Tomato Soup', 'Salt');
insert into Ingredients_T values('Tomato Soup', 'Broth');
insert into Ingredients_T values('Tomato Soup', 'Tomato');
insert into Ingredients_T values('Tomato Soup', 'Tomato paste');
insert into Ingredients_T values('Tomato Soup', 'Beans');
insert into Ingredients_T values('Chicken Pasta', 'Chicken Breast');
insert into Ingredients_T values('Chicken Pasta', 'Pasta');
insert into Ingredients_T values('Chicken Pasta', 'Parsley');
insert into Ingredients_T values('Chicken Pasta', 'Salt');
insert into Ingredients_T values('Chicken Pasta', 'Pepper');
insert into Ingredients_T values('Strawberry Dessert', 'Strawberry');
insert into Ingredients_T values('Strawberry Dessert', 'Vanilla Cake');
insert into Ingredients_T values('Strawberry Dessert', 'Strawberry Icecream');
insert into Ingredients_T values('Strawberry Dessert', 'Milk');
insert into Ingredients_T values('Peanut Chaat', 'Chilli Powder');
insert into Ingredients_T values('Peanut Chaat', 'Masala');
insert into Ingredients_T values('Peanut Chaat', 'Onion');
insert into Ingredients_T values('Peanut Chaat', 'Tomato');
insert into Ingredients_T values('Peanut Chaat', 'Corn');
insert into Ingredients_T values('Peanut Chaat', 'Mango');
insert into Ingredients_T values('Peanut Chaat', 'Pomegranate');
insert into Ingredients_T values('Peanut Chaat', 'Sweet Corn');
insert into Ingredients_T values('French Fries', 'Fries');
insert into Ingredients_T values('French Fries', 'Salt');
insert into Ingredients_T values('French Fries', 'Vegetable Oil');
insert into Ingredients_T values('Vegetable Pakora', 'Green Chilli');
insert into Ingredients_T values('Vegetable Pakora', 'Chilli Powder');
insert into Ingredients_T values('Vegetable Pakora', 'Garam Masala');
insert into Ingredients_T values('Vegetable Pakora', 'Coriander');
insert into Ingredients_T values('Vegetable Pakora', 'Flour');
insert into Ingredients_T values('Vegetable Pakora', 'Tomato');
insert into Ingredients_T values('Vegetable Pakora', 'Ginger');
insert into Ingredients_T values('Quesadillas', 'Flour Tortilla');
insert into Ingredients_T values('Quesadillas', 'Cheese');
insert into Ingredients_T values('Quesadillas', 'Chicken');
insert into Ingredients_T values('Quesadillas', 'Steak');
insert into Ingredients_T values('Quesadillas', 'Beef');
insert into Ingredients_T values('Quesadillas', 'Pork');
insert into Ingredients_T values('Cashew Chicken Salad', 'Chicken');
insert into Ingredients_T values('Cashew Chicken Salad', 'Salted Cashew');
insert into Ingredients_T values('Cashew Chicken Salad', 'Red Apple');
insert into Ingredients_T values('Cashew Chicken Salad', 'Cucumber');
insert into Ingredients_T values('Cashew Chicken Salad', 'Mayonnaise');
insert into Ingredients_T values('Cashew Chicken Salad', 'Sugar');
insert into Ingredients_T values('Cashew Chicken Salad', 'Salt');
insert into Ingredients_T values('Fried Mushroom', 'Beer');
insert into Ingredients_T values('Fried Mushroom', 'Mushroom');
insert into Ingredients_T values('Fried Mushroom', 'Flour');
insert into Ingredients_T values('Fried Mushroom', 'Salt');
insert into Ingredients_T values('Fried Mushroom', 'Pepper');
insert into Ingredients_T values('Julienne Salad', 'Salad');
insert into Ingredients_T values('Julienne Salad', 'Chicken');
insert into Ingredients_T values('Julienne Salad', 'Cheese');
insert into Ingredients_T values('Julienne Salad', 'Ham');
insert into Ingredients_T values('Julienne Salad', 'Beef');
insert into Ingredients_T values('Grilled Tilapia Salad', 'Tilapia');
insert into Ingredients_T values('Grilled Tilapia Salad', 'Chilli Powder');
insert into Ingredients_T values('Grilled Tilapia Salad', 'Lime');
insert into Ingredients_T values('Grilled Tilapia Salad', 'Onion');
insert into Ingredients_T values('Grilled Tilapia Salad', 'Rice');
insert into Ingredients_T values('Grilled Tilapia Salad', 'Garlic');
insert into Ingredients_T values('Grilled Tilapia Salad', 'Avocado');
insert into Ingredients_T values('Taco Salad', 'Lettuce');
insert into Ingredients_T values('Taco Salad', 'Tomato');
insert into Ingredients_T values('Taco Salad', 'Cheese');
insert into Ingredients_T values('Taco Salad', 'Avocado');
insert into Ingredients_T values('Taco Salad', 'Salsa');
insert into Ingredients_T values('Taco Salad', 'Tortilla Chips');
insert into Ingredients_T values('Pork and Cabbage', 'Vegetable Oil');
insert into Ingredients_T values('Pork and Cabbage', 'Pork');
insert into Ingredients_T values('Pork and Cabbage', 'Cabbage');
insert into Ingredients_T values('Pork and Cabbage', 'Apple');
insert into Ingredients_T values('Pork and Cabbage', 'Onion');
insert into Ingredients_T values('Pork and Cabbage', 'Garlic');
insert into Ingredients_T values('Pork and Cabbage', 'Worcestershire Sauce');
insert into Ingredients_T values('Pork and Cabbage', 'Flour');
insert into Ingredients_T values('New England Clam Chowder', 'Bacon');
insert into Ingredients_T values('New England Clam Chowder', 'Onion');
insert into Ingredients_T values('New England Clam Chowder', 'Potato');
insert into Ingredients_T values('New England Clam Chowder', 'Milk');
insert into Ingredients_T values('New England Clam Chowder', 'Butter');
insert into Ingredients_T values('New England Clam Chowder', 'Clam');
insert into Ingredients_T values('Onion Rings', 'Onion');
insert into Ingredients_T values('Onion Rings', 'Beer');
insert into Ingredients_T values('Onion Rings', 'Flour');
insert into Ingredients_T values('Onion Rings', 'Vegetable Oil');
insert into Ingredients_T values('Classic BLT', 'Bacon');
insert into Ingredients_T values('Classic BLT', 'Lettuce');
insert into Ingredients_T values('Classic BLT', 'Tomato');
insert into Ingredients_T values('Classic BLT', 'French Bread');
insert into Ingredients_T values('Big Tuna', 'Tuna');
insert into Ingredients_T values('Big Tuna', 'Tomato');
insert into Ingredients_T values('Big Tuna', 'Wheat Bread');
insert into Ingredients_T values('Big Tuna', 'Cheese');
insert into Ingredients_T values('Grilled Salmon', 'Salmon');
insert into Ingredients_T values('Grilled Salmon', 'French Bread');
insert into Ingredients_T values('Fish and Chips', 'Haddock');
insert into Ingredients_T values('Fish and Chips', 'Fries');
insert into Ingredients_T values('Fish and Chips', 'Vegetable Oil');

------------------------------------------------------------------

drop table if exists Order_Line_T;
-- Populating OrderLine table --
insert into Order_Line_T values('ORD01', 'Fish and Chips', 2);
insert into Order_Line_T values('ORD01', 'Onion Rings', 1);
insert into Order_Line_T values('ORD01', 'Julienne Salad', 1);
insert into Order_Line_T values('ORD02', 'Julienne Salad', 3);
insert into Order_Line_T values('ORD03', 'Fried Mushroom', 1);
insert into Order_Line_T values('ORD03', 'French Fries', 1);
insert into Order_Line_T values('ORD04', 'Classic BLT', 1);
insert into Order_Line_T values('ORD05', 'Vegetable Pakora', 4);
insert into Order_Line_T values('ORD05', 'Peanut Chaat', 1);
insert into Order_Line_T values('ORD05', 'Julienne Salad', 1);
insert into Order_Line_T values('ORD06', 'Tomato Soup', 1);
insert into Order_Line_T values('ORD07', 'Strawberry Dessert', 6);
insert into Order_Line_T values('ORD08', 'Pot Roast', 4);
insert into Order_Line_T values('ORD09', 'Julienne Salad', 1);
insert into Order_Line_T values('ORD10', 'Tomato Soup', 7);
insert into Order_Line_T values('ORD10', 'Strawberry Dessert', 1);
insert into Order_Line_T values('ORD10', 'Pot Roast', 1);
insert into Order_Line_T values('ORD10', 'Classic BLT', 1);
insert into Order_Line_T values('ORD11', 'Strawberry Dessert', 1);
insert into Order_Line_T values('ORD11', 'Chicken Pasta', 3);
insert into Order_Line_T values('ORD12', 'Classic BLT', 1);
insert into Order_Line_T values('ORD13', 'Fish and Chips', 1);
insert into Order_Line_T values('ORD14', 'Grilled Salmon', 2);
insert into Order_Line_T values('ORD14', 'Chicken and Rice', 1);
insert into Order_Line_T values('ORD15', 'French Fries', 1);
insert into Order_Line_T values('ORD15', 'French Dip Sandwiches', 1);
insert into Order_Line_T values('ORD15', 'Pork and Cabbage', 6);
insert into Order_Line_T values('ORD16', 'Classic BLT', 1);
insert into Order_Line_T values('ORD16', 'Taco Salad', 1);
insert into Order_Line_T values('ORD16', 'Crockpot Salsa Chicken', 1);
insert into Order_Line_T values('ORD16', 'French Dip Sandwiches', 9);
insert into Order_Line_T values('ORD16', 'Pulled BBQ Chicken', 1);
insert into Order_Line_T values('ORD17', 'Karri Rice', 1);
insert into Order_Line_T values('ORD18', 'Strawberry Dessert', 1);
insert into Order_Line_T values('ORD19', 'Fish and Chips', 4);
insert into Order_Line_T values('ORD20', 'Chicken Pasta', 1);
insert into Order_Line_T values('ORD21', 'Strawberry Dessert', 1);
insert into Order_Line_T values('ORD22', 'Fried Mushroom', 1);
insert into Order_Line_T values('ORD22', 'Grilled Tilapia Salad', 1);
insert into Order_Line_T values('ORD23', 'Classic BLT', 6);
insert into Order_Line_T values('ORD24', 'Chicken Pasta', 1);
insert into Order_Line_T values('ORD25', 'Fried Mushroom', 1);
insert into Order_Line_T values('ORD25', 'Pulled BBQ CHicken', 4);
insert into Order_Line_T values('ORD25', 'Crockpot Salsa Chicken', 1);
insert into Order_Line_T values('ORD26', 'New England Clam Chowder', 2);
insert into Order_Line_T values('ORD26', 'Vegetable Pakora', 1);
insert into Order_Line_T values('ORD27', 'New England Clam Chowder', 1);
insert into Order_Line_T values('ORD28', 'Big Tuna', 1);
insert into Order_Line_T values('ORD29', 'Pork and Cabbage', 1);
insert into Order_Line_T values('ORD30', 'Pork and Cabbage', 3);
insert into Order_Line_T values('ORD30', 'Chicken Pasta', 2);
insert into Order_Line_T values('ORD30', 'Grilled Tilapia Salad', 1);
insert into Order_Line_T values('ORD31', 'Tomato Soup', 1);
insert into Order_Line_T values('ORD32', 'Grilled Salmon', 1);
insert into Order_Line_T values('ORD33', 'Taco Salad', 1);
insert into Order_Line_T values('ORD33', 'New England Clam Chowder', 1);
insert into Order_Line_T values('ORD34', 'Quesadillas', 7);
insert into Order_Line_T values('ORD35', 'Karri Rice', 1);
insert into Order_Line_T values('ORD36', 'New England Clam Chowder');
insert into Order_Line_T values('ORD36', 'Peanut Chaat');
insert into Order_Line_T values('ORD37', 'Quesadillas', 5);
insert into Order_Line_T values('ORD38', 'Peanut Chaat');
insert into Order_Line_T values('ORD39', 'Big Tuna', 1);
insert into Order_Line_T values('ORD39', 'Chicken and Rice', 1);
insert into Order_Line_T values('ORD39', 'Pulled BBQ Chicken', 1);
insert into Order_Line_T values('ORD40', 'Peanut Chaat', 1);
insert into Order_Line_T values('ORD40', 'Quesadillas', 1);
insert into Order_Line_T values('ORD41', 'Karri Rice', 1);
insert into Order_Line_T values('ORD42', 'Pork and Cabbage', 1);
insert into Order_Line_T values('ORD43', 'Karri Rice', 1);
insert into Order_Line_T values('ORD44', 'Peanut Chaat', 1);
insert into Order_Line_T values('ORD45', 'Quesadillas', 2);
insert into Order_Line_T values('ORD45', 'Karri Rice', 1);
insert into Order_Line_T values('ORD45', 'Chicken and Rice', 1);
insert into Order_Line_T values('ORD45', 'Pulled BBQ Chicken', 1);
insert into Order_Line_T values('ORD46', 'Pot Roast', 1);
insert into Order_Line_T values('ORD46', 'Pulled BBQ Chicken', 1);
insert into Order_Line_T values('ORD47', 'Taco Salad', 10);
insert into Order_Line_T values('ORD48', 'Ribs', 1);
insert into Order_Line_T values('ORD49', 'Pork and Cabbage', 3);
insert into Order_Line_T values('ORD49', 'French Fries', 1);
insert into Order_Line_T values('ORD49', 'Quesadillas', 1);
insert into Order_Line_T values('ORD49', 'Grilled Salmon', 1);
insert into Order_Line_T values('ORD49', 'Karri Rice', 1);
insert into Order_Line_T values('ORD50', 'Fish and Chips', 4);
insert into Order_Line_T values('ORD51', 'Taco Salad', 5);
insert into Order_Line_T values('ORD52', 'Ribs', 5);
insert into Order_Line_T values('ORD53', 'French Fries', 1);
insert into Order_Line_T values('ORD54', 'Strawberry Dessert', 1);
insert into Order_Line_T values('ORD54', 'New England Clam Chowder', 1);
insert into Order_Line_T values('ORD55', 'Ribs', 1);
insert into Order_Line_T values('ORD56', 'Ribs', 7);
insert into Order_Line_T values('ORD57', 'Big Tuna', 1);
insert into Order_Line_T values('ORD58', 'Pot Roast', 1);
insert into Order_Line_T values('ORD59', 'New England Clam Chowder', 2);
insert into Order_Line_T values('ORD59', 'Karri Rice', 1);
insert into Order_Line_T values('ORD60', 'Tomato Soup', 2);
insert into Order_Line_T values('ORD61', 'Big Tuna', 1);
insert into Order_Line_T values('ORD61', 'French Dip Sandwiches', 1);
insert into Order_Line_T values('ORD62', 'French Fries', 10);
insert into Order_Line_T values('ORD63', 'Peanut Chaat', 1);
insert into Order_Line_T values('ORD63', 'Cashew Chicken Salad', 1);
insert into Order_Line_T values('ORD64', 'Cashew Chicken Salad', 3);
insert into Order_Line_T values('ORD65', 'New England Clam Chowder', 1);
insert into Order_Line_T values('ORD65', 'French Fries', 1);
insert into Order_Line_T values('ORD65', 'Big Tuna', 1);
insert into Order_Line_T values('ORD66', 'New England Clam Chowder', 3);
insert into Order_Line_T values('ORD67', 'Vegetable Pakora', 1);
insert into Order_Line_T values('ORD68', 'French Fries', 1);
insert into Order_Line_T values('ORD68', 'Pork and Cabbage', 1);
insert into Order_Line_T values('ORD68', 'Karri Rice', 1);
insert into Order_Line_T values('ORD69', 'Crockpot Salsa Chicken', 2);
insert into Order_Line_T values('ORD69', 'Cashew Chicken Salad', 1);
insert into Order_Line_T values('ORD70', 'Vegetable Pakora', 1);
insert into Order_Line_T values('ORD71', 'Taco Salad', 1);
insert into Order_Line_T values('ORD71', 'Big Tuna', 4);
insert into Order_Line_T values('ORD71', 'Pork and Cabbage', 1);
insert into Order_Line_T values('ORD72', 'Quesadillas', 11);
insert into Order_Line_T values('ORD72', 'Grilled Salmon');
insert into Order_Line_T values('ORD73', 'Taco Salad', 8);
insert into Order_Line_T values('ORD73', 'Julienne Salad', 3);

------------------------------------------------------------------

drop table if exists Payment_T;
-- Populating Payment table --
insert into Payment_T values('CA000', 'ORD01', '2021-03-07', 'Cash');
insert into Payment_T values('CA001', 'ORD03', '2021-02-07', 'Cash');
insert into Payment_T values('CA002', 'ORD05', '2021-03-04', 'Cash');
insert into Payment_T values('CA003', 'ORD06', '2021-01-20', 'Cash');
insert into Payment_T values('CA004', 'ORD09', '2021-01-12', 'Cash');
insert into Payment_T values('CA005', 'ORD10', '2021-01-30', 'Cash');
insert into Payment_T values('CA006', 'ORD12', '2021-02-25', 'Cash');
insert into Payment_T values('CA007', 'ORD13', '2021-02-01', 'Cash');
insert into Payment_T values('CA008', 'ORD15', '2021-02-12', 'Cash');
insert into Payment_T values('CA009', 'ORD16', '2021-01-21', 'Cash');
insert into Payment_T values('CA010', 'ORD18', '2021-02-24', 'Cash');
insert into Payment_T values('CA011', 'ORD25', '2021-02-08', 'Cash');
insert into Payment_T values('CA012', 'ORD31', '2021-03-03', 'Cash');
insert into Payment_T values('CA013', 'ORD33', '2021-02-15', 'Cash');
insert into Payment_T values('CA014', 'ORD34', '2021-01-27', 'Cash');
insert into Payment_T values('CA016', 'ORD38', '2021-01-18', 'Cash');
insert into Payment_T values('CA015', 'ORD37', '2021-03-01', 'Cash');
insert into Payment_T values('CA017', 'ORD43', '2021-01-16', 'Cash');
insert into Payment_T values('CA018', 'ORD44', '2021-02-01', 'Cash');
insert into Payment_T values('CA019', 'ORD49', '2021-01-21', 'Cash');
insert into Payment_T values('CA020', 'ORD51', '2021-01-14', 'Cash');
insert into Payment_T values('CA021', 'ORD55', '2021-02-10', 'Cash');
insert into Payment_T values('CA022', 'ORD63', '2021-01-30', 'Cash');
insert into Payment_T values('CA023', 'ORD69', '2021-02-05', 'Cash');
insert into Payment_T values('CA024', 'ORD73', '2021-01-05', 'Cash');
insert into Payment_T values('CR000', 'ORD04', '2021-02-03', 'Credit');
insert into Payment_T values('CR001', 'ORD17', '2021-01-18', 'Credit');
insert into Payment_T values('CR002', 'ORD20', '2021-02-28', 'Credit');
insert into Payment_T values('CR003', 'ORD22', '2021-01-24', 'Credit');
insert into Payment_T values('CR004', 'ORD24', '2021-01-09', 'Credit');
insert into Payment_T values('CR005', 'ORD32', '2021-03-04', 'Credit');
insert into Payment_T values('CR006', 'ORD41', '2021-02-27', 'Credit');
insert into Payment_T values('CR007', 'ORD45', '2021-02-26', 'Credit');
insert into Payment_T values('CR008', 'ORD46', '2021-01-05', 'Credit');
insert into Payment_T values('CR009', 'ORD47', '2021-02-28', 'Credit');
insert into Payment_T values('CR010', 'ORD52', '2021-02-04', 'Credit');
insert into Payment_T values('CR011', 'ORD53', '2021-01-23', 'Credit');
insert into Payment_T values('CR012', 'ORD59', '2021-02-24', 'Credit');
insert into Payment_T values('CR013', 'ORD60', '2021-02-10', 'Credit');
insert into Payment_T values('CR014', 'ORD62', '2021-01-31', 'Credit');
insert into Payment_T values('CR015', 'ORD64', '2021-01-18', 'Credit');
insert into Payment_T values('CR016', 'ORD65', '2021-02-18', 'Credit');
insert into Payment_T values('CR017', 'ORD66', '2021-02-11', 'Credit');
insert into Payment_T values('CR018', 'ORD68', '2021-01-10', 'Credit');
insert into Payment_T values('CR019', 'ORD71', '2021-02-06', 'Credit');
insert into Payment_T values('CR020', 'ORD72', '2021-02-11', 'Credit');
insert into Payment_T values('PR000', 'ORD02', '2021-01-15', 'Coupon');
insert into Payment_T values('PR001', 'ORD07', '2021-01-18', 'Coupon');
insert into Payment_T values('PR002', 'ORD08', '2021-01-13', 'Coupon');
insert into Payment_T values('PR003', 'ORD11', '2021-01-24', 'Coupon');
insert into Payment_T values('PR004', 'ORD14', '2021-02-27', 'Coupon');
insert into Payment_T values('PR005', 'ORD19', '2021-01-16', 'Coupon');
insert into Payment_T values('PR006', 'ORD21', '2021-02-15', 'Coupon');
insert into Payment_T values('PR007', 'ORD23', '2021-01-24', 'Coupon');
insert into Payment_T values('PR008', 'ORD26', '2021-02-28', 'Coupon');
insert into Payment_T values('PR009', 'ORD27', '2021-01-08', 'Coupon');
insert into Payment_T values('PR010', 'ORD28', '2021-01-09', 'Coupon');
insert into Payment_T values('PR011', 'ORD29', '2021-01-13', 'Coupon');
insert into Payment_T values('PR012', 'ORD30', '2021-02-04', 'Coupon');
insert into Payment_T values('PR013', 'ORD35', '2021-01-29', 'Coupon');
insert into Payment_T values('PR014', 'ORD36', '2021-02-24', 'Coupon');
insert into Payment_T values('PR015', 'ORD39', '2021-02-09', 'Coupon');
insert into Payment_T values('PR016', 'ORD40', '2021-02-20', 'Coupon');
insert into Payment_T values('PR017', 'ORD42', '2021-01-12', 'Coupon');
insert into Payment_T values('PR018', 'ORD48', '2021-01-01', 'Coupon');
insert into Payment_T values('PR019', 'ORD50', '2021-01-06', 'Coupon');
insert into Payment_T values('PR020', 'ORD54', '2021-01-12', 'Coupon');
insert into Payment_T values('PR021', 'ORD56', '2021-01-22', 'Coupon');
insert into Payment_T values('PR022', 'ORD57', '2021-01-06', 'Coupon');
insert into Payment_T values('PR023', 'ORD58', '2021-02-04', 'Coupon');
insert into Payment_T values('PR024', 'ORD61', '2021-01-30', 'Coupon');
insert into Payment_T values('PR025', 'ORD67', '2021-02-24', 'Coupon');
insert into Payment_T values('PR026', 'ORD70', '2021-03-07', 'Coupon');

------------------------------------------------------------------

drop table if exists Cash_T;
-- Populating Cash table --
insert into Cash_T values('CA000', 'Yes');
insert into Cash_T values('CA001', 'No');
insert into Cash_T values('CA002', 'No');
insert into Cash_T values('CA003', 'Yes');
insert into Cash_T values('CA004', 'Yes');
insert into Cash_T values('CA005', 'Yes');
insert into Cash_T values('CA006', 'No');
insert into Cash_T values('CA007', 'Yes');
insert into Cash_T values('CA008', 'Yes');
insert into Cash_T values('CA009', 'No');
insert into Cash_T values('CA010', 'No');
insert into Cash_T values('CA011', 'Yes');
insert into Cash_T values('CA012', 'Yes');
insert into Cash_T values('CA013', 'Yes');
insert into Cash_T values('CA014', 'Yes');
insert into Cash_T values('CA015', 'No');
insert into Cash_T values('CA016', 'No');
insert into Cash_T values('CA017', 'No');
insert into Cash_T values('CA018', 'No');
insert into Cash_T values('CA019', 'Yes');
insert into Cash_T values('CA020', 'Yes');
insert into Cash_T values('CA021', 'No');
insert into Cash_T values('CA022', 'No');
insert into Cash_T values('CA023', 'No');
insert into Cash_T values('CA024', 'Yes');

------------------------------------------------------------------

drop table if exists Credit_T;
-- Populating Credit table --
insert into Credit_T values('CR000', 'VISA', 'USD');
insert into Credit_T values('CR001', 'American Express', 'USD');
insert into Credit_T values('CR002', 'VISA', 'USD');
insert into Credit_T values('CR003', 'VISA', 'USD');
insert into Credit_T values('CR004', 'VISA', 'USD');
insert into Credit_T values('CR005', 'MasterCard', 'USD');
insert into Credit_T values('CR006', 'American Express', 'USD');
insert into Credit_T values('CR007', 'American Express', 'USD');
insert into Credit_T values('CR008', 'MasterCard', 'USD');
insert into Credit_T values('CR009', 'American Express', 'USD');
insert into Credit_T values('CR010', 'VISA', 'USD');
insert into Credit_T values('CR011', 'MasterCard', 'USD');
insert into Credit_T values('CR012', 'MasterCard', 'USD');
insert into Credit_T values('CR013', 'VISA', 'USD');
insert into Credit_T values('CR014', 'American Express', 'USD');
insert into Credit_T values('CR015', 'VISA', 'USD');
insert into Credit_T values('CR016', 'MasterCard', 'USD');
insert into Credit_T values('CR017', 'MasterCard', 'USD');
insert into Credit_T values('CR018', 'VISA', 'USD');
insert into Credit_T values('CR019', 'American Express', 'USD');
insert into Credit_T values('CR020', 'American Express', 'USD');

------------------------------------------------------------------

drop table if exists Coupon_T;
-- Populating Coupon table --
insert into Coupon_T values('PR000', 'Save15', 15.00);
insert into Coupon_T values('PR001', 'BDay10', 10.00);
insert into Coupon_T values('PR002', 'BDay10', 10.00);
insert into Coupon_T values('PR003', 'Save15', 15.00);
insert into Coupon_T values('PR004', 'BDay10', 10.00);
insert into Coupon_T values('PR005', 'Save15', 15.00);
insert into Coupon_T values('PR006', 'Save15', 15.00);
insert into Coupon_T values('PR007', 'Save15', 15.00);
insert into Coupon_T values('PR008', 'BDay10', 10.00);
insert into Coupon_T values('PR009', 'BDay10', 10.00);
insert into Coupon_T values('PR010', 'Save15', 15.00);
insert into Coupon_T values('PR011', 'Save15', 15.00);
insert into Coupon_T values('PR012', 'Save15', 15.00);
insert into Coupon_T values('PR013', 'BDay10', 10.00);
insert into Coupon_T values('PR014', 'BDay10', 10.00);
insert into Coupon_T values('PR015', 'Save15', 15.00);
insert into Coupon_T values('PR016', 'Save15', 15.00);
insert into Coupon_T values('PR017', 'Save15', 15.00);
insert into Coupon_T values('PR018', 'BDay10', 10.00);
insert into Coupon_T values('PR019', 'BDay10', 10.00);
insert into Coupon_T values('PR020', 'Save15', 15.00);
insert into Coupon_T values('PR021', 'BDay10', 10.00);
insert into Coupon_T values('PR022', 'Save15', 15.00);
insert into Coupon_T values('PR023', 'Save15', 15.00);
insert into Coupon_T values('PR024', 'Save15', 15.00);
insert into Coupon_T values('PR025', 'BDay10', 10.00);
insert into Coupon_T values('PR026', 'BDay10', 10.00);